"<i name=""camera""/>Photo",Image Quality 1,Photo Style,Standard,,,,,
"<i name=""camera""/>Photo",Image Quality 1,Photo Style,Vivid,,,,,
"<i name=""camera""/>Photo",Image Quality 1,Photo Style,Natural,,,,,
"<i name=""camera""/>Photo",Image Quality 1,Photo Style,Flat,,,,,
"<i name=""camera""/>Photo",Image Quality 1,Photo Style,Landscape,,,,,
"<i name=""camera""/>Photo",Image Quality 1,Photo Style,Portrait,,,,,
"<i name=""camera""/>Photo",Image Quality 1,Photo Style,Monochrome,,,,,
"<i name=""camera""/>Photo",Image Quality 1,Photo Style,L.Monochrome,,,,,
"<i name=""camera""/>Photo",Image Quality 1,Photo Style,L.Monochrome D,,,,,
"<i name=""camera""/>Photo",Image Quality 1,Photo Style,Cinelike D,,,,,
"<i name=""camera""/>Photo",Image Quality 1,Photo Style,Cinelike V,,,,,
"<i name=""camera""/>Photo",Image Quality 1,Photo Style,Like709,,,,,
"<i name=""camera""/>Photo",Image Quality 1,Photo Style,Standard(HLG),,,,,
"<i name=""camera""/>Photo",Image Quality 1,Photo Style,Monochrome(HLG),,,,,
"<i name=""camera""/>Photo",Image Quality 1,Photo Style,MY PHOTO STYLE 1,,,,,
"<i name=""camera""/>Photo",Image Quality 1,Photo Style,MY PHOTO STYLE 2,,,,,
"<i name=""camera""/>Photo",Image Quality 1,Photo Style,MY PHOTO STYLE 3,,,,,
"<i name=""camera""/>Photo",Image Quality 1,Photo Style,MY PHOTO STYLE 4,,,,,
"<i name=""camera""/>Photo",Image Quality 1,Photo Style,MY PHOTO STYLE 5,,,,,
"<i name=""camera""/>Photo",Image Quality 1,Photo Style,MY PHOTO STYLE 6,,,,,
"<i name=""camera""/>Photo",Image Quality 1,Photo Style,MY PHOTO STYLE 7,,,,,
"<i name=""camera""/>Photo",Image Quality 1,Photo Style,MY PHOTO STYLE 8,,,,,
"<i name=""camera""/>Photo",Image Quality 1,Photo Style,MY PHOTO STYLE 9,,,,,
"<i name=""camera""/>Photo",Image Quality 1,Photo Style,MY PHOTO STYLE 10,,,,,
"<i name=""camera""/>Photo",Image Quality 1,Metering Mode,Multiple,,,,,
"<i name=""camera""/>Photo",Image Quality 1,Metering Mode,Center Weighted,,,,,
"<i name=""camera""/>Photo",Image Quality 1,Metering Mode,Spot,,,,,
"<i name=""camera""/>Photo",Image Quality 1,Metering Mode,Highlight Weighted,,,,,
"<i name=""camera""/>Photo",Image Quality 1,Aspect Ratio,4:3,,,,,
"<i name=""camera""/>Photo",Image Quality 1,Aspect Ratio,3:2,,,,,
"<i name=""camera""/>Photo",Image Quality 1,Aspect Ratio,16:9,,,,,
"<i name=""camera""/>Photo",Image Quality 1,Aspect Ratio,1:1,,,,,
"<i name=""camera""/>Photo",Image Quality 1,Aspect Ratio,65:24,,,,,
"<i name=""camera""/>Photo",Image Quality 1,Aspect Ratio,2:1,,,,,
"<i name=""camera""/>Photo",Image Quality 1,Picture Quality,FINE,,,,,
"<i name=""camera""/>Photo",Image Quality 1,Picture Quality,STD.,,,,,
"<i name=""camera""/>Photo",Image Quality 1,Picture Quality,RAW+FINE,,,,,
"<i name=""camera""/>Photo",Image Quality 1,Picture Quality,RAW+STD.,,,,,
"<i name=""camera""/>Photo",Image Quality 1,Picture Quality,RAW,,,,,
"<i name=""camera""/>Photo",Image Quality 1,Picture Size,L,,,,,
"<i name=""camera""/>Photo",Image Quality 1,Picture Size,M,,,,,
"<i name=""camera""/>Photo",Image Quality 1,Picture Size,S,,,,,
"<i name=""camera""/>Photo",Image Quality 1,HLG Photo,Full-Res.,,,,,
"<i name=""camera""/>Photo",Image Quality 1,HLG Photo,4K-Res.,,,,,
"<i name=""camera""/>Photo",Image Quality 1,HLG Photo,OFF,,,,,
"<i name=""camera""/>Photo",Image Quality 1,HLG Photo,Simul Record Normal Shot,ON,,,,
"<i name=""camera""/>Photo",Image Quality 1,HLG Photo,Simul Record Normal Shot,OFF,,,,
"<i name=""camera""/>Photo",Image Quality 1,High Resolution Mode,Start,,,,,
"<i name=""camera""/>Photo",Image Quality 1,High Resolution Mode,Shutter Delay,30 SEC,,,,
"<i name=""camera""/>Photo",Image Quality 1,High Resolution Mode,Shutter Delay,1/8 SEC,,,,
"<i name=""camera""/>Photo",Image Quality 1,High Resolution Mode,Shutter Delay,2 SEC,,,,
"<i name=""camera""/>Photo",Image Quality 1,High Resolution Mode,Shutter Delay,OFF,,,,
"<i name=""camera""/>Photo",Image Quality 1,High Resolution Mode,Motion Blur Processing,MODE1,,,,
"<i name=""camera""/>Photo",Image Quality 1,High Resolution Mode,Motion Blur Processing,MODE2,,,,
"<i name=""camera""/>Photo",Image Quality 1,Long Exposure NR,ON,,,,,
"<i name=""camera""/>Photo",Image Quality 1,Long Exposure NR,OFF,,,,,
"<i name=""camera""/>Photo",Image Quality 2,ISO Sensitivity (photo),ISO Auto Lower Limit Setting,100,,,,
"<i name=""camera""/>Photo",Image Quality 2,ISO Sensitivity (photo),ISO Auto Lower Limit Setting,125,,,,
"<i name=""camera""/>Photo",Image Quality 2,ISO Sensitivity (photo),ISO Auto Lower Limit Setting,160,,,,
"<i name=""camera""/>Photo",Image Quality 2,ISO Sensitivity (photo),ISO Auto Lower Limit Setting,200,,,,
"<i name=""camera""/>Photo",Image Quality 2,ISO Sensitivity (photo),ISO Auto Lower Limit Setting,250,,,,
"<i name=""camera""/>Photo",Image Quality 2,ISO Sensitivity (photo),ISO Auto Lower Limit Setting,320,,,,
"<i name=""camera""/>Photo",Image Quality 2,ISO Sensitivity (photo),ISO Auto Lower Limit Setting,400,,,,
"<i name=""camera""/>Photo",Image Quality 2,ISO Sensitivity (photo),ISO Auto Lower Limit Setting,500,,,,
"<i name=""camera""/>Photo",Image Quality 2,ISO Sensitivity (photo),ISO Auto Lower Limit Setting,640,,,,
"<i name=""camera""/>Photo",Image Quality 2,ISO Sensitivity (photo),ISO Auto Lower Limit Setting,800,,,,
"<i name=""camera""/>Photo",Image Quality 2,ISO Sensitivity (photo),ISO Auto Lower Limit Setting,1000,,,,
"<i name=""camera""/>Photo",Image Quality 2,ISO Sensitivity (photo),ISO Auto Lower Limit Setting,1250,,,,
"<i name=""camera""/>Photo",Image Quality 2,ISO Sensitivity (photo),ISO Auto Lower Limit Setting,1600,,,,
"<i name=""camera""/>Photo",Image Quality 2,ISO Sensitivity (photo),ISO Auto Lower Limit Setting,2000,,,,
"<i name=""camera""/>Photo",Image Quality 2,ISO Sensitivity (photo),ISO Auto Lower Limit Setting,2500,,,,
"<i name=""camera""/>Photo",Image Quality 2,ISO Sensitivity (photo),ISO Auto Lower Limit Setting,3200,,,,
"<i name=""camera""/>Photo",Image Quality 2,ISO Sensitivity (photo),ISO Auto Lower Limit Setting,4000,,,,
"<i name=""camera""/>Photo",Image Quality 2,ISO Sensitivity (photo),ISO Auto Lower Limit Setting,5000,,,,
"<i name=""camera""/>Photo",Image Quality 2,ISO Sensitivity (photo),ISO Auto Lower Limit Setting,6400,,,,
"<i name=""camera""/>Photo",Image Quality 2,ISO Sensitivity (photo),ISO Auto Lower Limit Setting,8000,,,,
"<i name=""camera""/>Photo",Image Quality 2,ISO Sensitivity (photo),ISO Auto Lower Limit Setting,10000,,,,
"<i name=""camera""/>Photo",Image Quality 2,ISO Sensitivity (photo),ISO Auto Lower Limit Setting,12800,,,,
"<i name=""camera""/>Photo",Image Quality 2,ISO Sensitivity (photo),ISO Auto Lower Limit Setting,16000,,,,
"<i name=""camera""/>Photo",Image Quality 2,ISO Sensitivity (photo),ISO Auto Lower Limit Setting,20000,,,,
"<i name=""camera""/>Photo",Image Quality 2,ISO Sensitivity (photo),ISO Auto Lower Limit Setting,25600,,,,
"<i name=""camera""/>Photo",Image Quality 2,ISO Sensitivity (photo),ISO Auto Upper Limit Setting,AUTO,,,,
"<i name=""camera""/>Photo",Image Quality 2,ISO Sensitivity (photo),ISO Auto Upper Limit Setting,200,,,,
"<i name=""camera""/>Photo",Image Quality 2,ISO Sensitivity (photo),ISO Auto Upper Limit Setting,250,,,,
"<i name=""camera""/>Photo",Image Quality 2,ISO Sensitivity (photo),ISO Auto Upper Limit Setting,320,,,,
"<i name=""camera""/>Photo",Image Quality 2,ISO Sensitivity (photo),ISO Auto Upper Limit Setting,400,,,,
"<i name=""camera""/>Photo",Image Quality 2,ISO Sensitivity (photo),ISO Auto Upper Limit Setting,500,,,,
"<i name=""camera""/>Photo",Image Quality 2,ISO Sensitivity (photo),ISO Auto Upper Limit Setting,640,,,,
"<i name=""camera""/>Photo",Image Quality 2,ISO Sensitivity (photo),ISO Auto Upper Limit Setting,800,,,,
"<i name=""camera""/>Photo",Image Quality 2,ISO Sensitivity (photo),ISO Auto Upper Limit Setting,1000,,,,
"<i name=""camera""/>Photo",Image Quality 2,ISO Sensitivity (photo),ISO Auto Upper Limit Setting,1250,,,,
"<i name=""camera""/>Photo",Image Quality 2,ISO Sensitivity (photo),ISO Auto Upper Limit Setting,1600,,,,
"<i name=""camera""/>Photo",Image Quality 2,ISO Sensitivity (photo),ISO Auto Upper Limit Setting,2000,,,,
"<i name=""camera""/>Photo",Image Quality 2,ISO Sensitivity (photo),ISO Auto Upper Limit Setting,2500,,,,
"<i name=""camera""/>Photo",Image Quality 2,ISO Sensitivity (photo),ISO Auto Upper Limit Setting,3200,,,,
"<i name=""camera""/>Photo",Image Quality 2,ISO Sensitivity (photo),ISO Auto Upper Limit Setting,4000,,,,
"<i name=""camera""/>Photo",Image Quality 2,ISO Sensitivity (photo),ISO Auto Upper Limit Setting,5000,,,,
"<i name=""camera""/>Photo",Image Quality 2,ISO Sensitivity (photo),ISO Auto Upper Limit Setting,6400,,,,
"<i name=""camera""/>Photo",Image Quality 2,ISO Sensitivity (photo),ISO Auto Upper Limit Setting,8000,,,,
"<i name=""camera""/>Photo",Image Quality 2,ISO Sensitivity (photo),ISO Auto Upper Limit Setting,10000,,,,
"<i name=""camera""/>Photo",Image Quality 2,ISO Sensitivity (photo),ISO Auto Upper Limit Setting,12800,,,,
"<i name=""camera""/>Photo",Image Quality 2,ISO Sensitivity (photo),ISO Auto Upper Limit Setting,16000,,,,
"<i name=""camera""/>Photo",Image Quality 2,ISO Sensitivity (photo),ISO Auto Upper Limit Setting,20000,,,,
"<i name=""camera""/>Photo",Image Quality 2,ISO Sensitivity (photo),ISO Auto Upper Limit Setting,25600,,,,
"<i name=""camera""/>Photo",Image Quality 2,ISO Sensitivity (photo),ISO Auto Upper Limit Setting,32000,,,,
"<i name=""camera""/>Photo",Image Quality 2,ISO Sensitivity (photo),ISO Auto Upper Limit Setting,40000,,,,
"<i name=""camera""/>Photo",Image Quality 2,ISO Sensitivity (photo),ISO Auto Upper Limit Setting,51200,,,,
"<i name=""camera""/>Photo",Image Quality 2,Min. Shutter Speed,AUTO,,,,,
"<i name=""camera""/>Photo",Image Quality 2,Min. Shutter Speed,1/8000,,,,,
"<i name=""camera""/>Photo",Image Quality 2,Min. Shutter Speed,1/4000,,,,,
"<i name=""camera""/>Photo",Image Quality 2,Min. Shutter Speed,1/2000,,,,,
"<i name=""camera""/>Photo",Image Quality 2,Min. Shutter Speed,1/1000,,,,,
"<i name=""camera""/>Photo",Image Quality 2,Min. Shutter Speed,1/500,,,,,
"<i name=""camera""/>Photo",Image Quality 2,Min. Shutter Speed,1/250,,,,,
"<i name=""camera""/>Photo",Image Quality 2,Min. Shutter Speed,1/125,,,,,
"<i name=""camera""/>Photo",Image Quality 2,Min. Shutter Speed,1/60,,,,,
"<i name=""camera""/>Photo",Image Quality 2,Min. Shutter Speed,1/30,,,,,
"<i name=""camera""/>Photo",Image Quality 2,Min. Shutter Speed,1/15,,,,,
"<i name=""camera""/>Photo",Image Quality 2,Min. Shutter Speed,1/8,,,,,
"<i name=""camera""/>Photo",Image Quality 2,Min. Shutter Speed,1/4,,,,,
"<i name=""camera""/>Photo",Image Quality 2,Min. Shutter Speed,1/2,,,,,
"<i name=""camera""/>Photo",Image Quality 2,Min. Shutter Speed,1/1,,,,,
"<i name=""camera""/>Photo",Image Quality 2,i.Dynamic Range,AUTO,,,,,
"<i name=""camera""/>Photo",Image Quality 2,i.Dynamic Range,HIGH,,,,,
"<i name=""camera""/>Photo",Image Quality 2,i.Dynamic Range,STANDARD,,,,,
"<i name=""camera""/>Photo",Image Quality 2,i.Dynamic Range,LOW,,,,,
"<i name=""camera""/>Photo",Image Quality 2,i.Dynamic Range,OFF,,,,,
"<i name=""camera""/>Photo",Image Quality 2,Vignetting Comp.,ON,,,,,
"<i name=""camera""/>Photo",Image Quality 2,Vignetting Comp.,OFF,,,,,
"<i name=""camera""/>Photo",Image Quality 2,Diffraction Compensation,AUTO,,,,,
"<i name=""camera""/>Photo",Image Quality 2,Diffraction Compensation,OFF,,,,,
"<i name=""camera""/>Photo",Image Quality 2,Filter Settings,Filter Effect,ON,,,,
"<i name=""camera""/>Photo",Image Quality 2,Filter Settings,Filter Effect,OFF,,,,
"<i name=""camera""/>Photo",Image Quality 2,Filter Settings,Filter Effect,SET,,,,
"<i name=""camera""/>Photo",Image Quality 2,Filter Settings,Simultaneous Record w/o Filter,ON,,,,
"<i name=""camera""/>Photo",Image Quality 2,Filter Settings,Simultaneous Record w/o Filter,OFF,,,,
"<i name=""camera""/>Photo",Focus,AF Custom Setting(Photo),Set 1,,,,,
"<i name=""camera""/>Photo",Focus,AF Custom Setting(Photo),Set 2,,,,,
"<i name=""camera""/>Photo",Focus,AF Custom Setting(Photo),Set 3,,,,,
"<i name=""camera""/>Photo",Focus,AF Custom Setting(Photo),Set 4,,,,,
"<i name=""camera""/>Photo",Focus,AF Assist Light,ON,,,,,
"<i name=""camera""/>Photo",Focus,AF Assist Light,OFF,,,,,
"<i name=""camera""/>Photo",Focus,Focus Peaking,ON,,,,,
"<i name=""camera""/>Photo",Focus,Focus Peaking,OFF,,,,,
"<i name=""camera""/>Photo",Focus,Focus Peaking,SET,Focus Peaking Sensitivity,,,
"<i name=""camera""/>Photo",Focus,Focus Peaking,SET,Display Color,,,
"<i name=""camera""/>Photo",Focus,Focus Peaking,SET,Display While AFS,,,
"<i name=""camera""/>Photo",Focus,1-Area AF Moving Speed,FAST,,,,,
"<i name=""camera""/>Photo",Focus,1-Area AF Moving Speed,NORMAL,,,,,
"<i name=""camera""/>Photo",Flash 1,Flash Mode,Flash Off,,,,,
"<i name=""camera""/>Photo",Flash 1,Flash Mode,Forced Flash On,,,,,
"<i name=""camera""/>Photo",Flash 1,Flash Mode,Slow Sync.,,,,,
"<i name=""camera""/>Photo",Flash 1,Flash Mode,Red-Eye Reduction,,,,,
"<i name=""camera""/>Photo",Flash 1,Flash Mode,Flash Synchro,,,,,
"<i name=""camera""/>Photo",Flash 1,Firing Mode,TTL,,,,,
"<i name=""camera""/>Photo",Flash 1,Firing Mode,MANUAL,,,,,
"<i name=""camera""/>Photo",Flash 1,Flash Adjust.,-3 EV,,,,,
"<i name=""camera""/>Photo",Flash 1,Flash Adjust.,-2.67 EV,,,,,
"<i name=""camera""/>Photo",Flash 1,Flash Adjust.,-2.33 EV,,,,,
"<i name=""camera""/>Photo",Flash 1,Flash Adjust.,-2 EV,,,,,
"<i name=""camera""/>Photo",Flash 1,Flash Adjust.,-1.67 EV,,,,,
"<i name=""camera""/>Photo",Flash 1,Flash Adjust.,-1.33 EV,,,,,
"<i name=""camera""/>Photo",Flash 1,Flash Adjust.,-1 EV,,,,,
"<i name=""camera""/>Photo",Flash 1,Flash Adjust.,-0.67 EV,,,,,
"<i name=""camera""/>Photo",Flash 1,Flash Adjust.,-0.33 EV,,,,,
"<i name=""camera""/>Photo",Flash 1,Flash Adjust.,±0 EV,,,,,
"<i name=""camera""/>Photo",Flash 1,Flash Adjust.,+0.33 EV,,,,,
"<i name=""camera""/>Photo",Flash 1,Flash Adjust.,+0.67 EV,,,,,
"<i name=""camera""/>Photo",Flash 1,Flash Adjust.,+1 EV,,,,,
"<i name=""camera""/>Photo",Flash 1,Flash Adjust.,+1.33 EV,,,,,
"<i name=""camera""/>Photo",Flash 1,Flash Adjust.,+1.67 EV,,,,,
"<i name=""camera""/>Photo",Flash 1,Flash Adjust.,+2 EV,,,,,
"<i name=""camera""/>Photo",Flash 1,Flash Adjust.,+2.33 EV,,,,,
"<i name=""camera""/>Photo",Flash 1,Flash Adjust.,+2.67 EV,,,,,
"<i name=""camera""/>Photo",Flash 1,Flash Adjust.,+3 EV,,,,,
"<i name=""camera""/>Photo",Flash 1,Flash Synchro,1ST,,,,,
"<i name=""camera""/>Photo",Flash 1,Flash Synchro,2ND,,,,,
"<i name=""camera""/>Photo",Flash 1,Manual Flash Adjust.,1/1,,,,,
"<i name=""camera""/>Photo",Flash 1,Manual Flash Adjust.,1/2,,,,,
"<i name=""camera""/>Photo",Flash 1,Manual Flash Adjust.,1/4,,,,,
"<i name=""camera""/>Photo",Flash 1,Manual Flash Adjust.,1/8,,,,,
"<i name=""camera""/>Photo",Flash 1,Manual Flash Adjust.,1/16,,,,,
"<i name=""camera""/>Photo",Flash 1,Manual Flash Adjust.,1/32,,,,,
"<i name=""camera""/>Photo",Flash 1,Manual Flash Adjust.,1/64,,,,,
"<i name=""camera""/>Photo",Flash 1,Manual Flash Adjust.,1/128,,,,,
"<i name=""camera""/>Photo",Flash 1,Auto Exposure Comp.,ON,,,,,
"<i name=""camera""/>Photo",Flash 1,Auto Exposure Comp.,OFF,,,,,
"<i name=""camera""/>Photo",Flash 1,Red-Eye Removal,ON,,,,,
"<i name=""camera""/>Photo",Flash 1,Red-Eye Removal,OFF,,,,,
"<i name=""camera""/>Photo",Flash 1,Wireless,ON,,,,,
"<i name=""camera""/>Photo",Flash 1,Wireless,OFF,,,,,
"<i name=""camera""/>Photo",Flash 2,Wireless Channel,1CH,,,,,
"<i name=""camera""/>Photo",Flash 2,Wireless Channel,2CH,,,,,
"<i name=""camera""/>Photo",Flash 2,Wireless Channel,3CH,,,,,
"<i name=""camera""/>Photo",Flash 2,Wireless Channel,4CH,,,,,
"<i name=""camera""/>Photo",Flash 2,Wireless FP,ON,,,,,
"<i name=""camera""/>Photo",Flash 2,Wireless FP,OFF,,,,,
"<i name=""camera""/>Photo",Flash 2,Communication Light,HIGH,,,,,
"<i name=""camera""/>Photo",Flash 2,Communication Light,STANDARD,,,,,
"<i name=""camera""/>Photo",Flash 2,Communication Light,LOW,,,,,
"<i name=""camera""/>Photo",Flash 2,Wireless Setup,External Flash,Firing Mode,,,
"<i name=""camera""/>Photo",Flash 2,Wireless Setup,External Flash,Flash Adjust.,,,
"<i name=""camera""/>Photo",Flash 2,Wireless Setup,External Flash,Manual Flash Adjust.,,,
"<i name=""camera""/>Photo",Flash 2,Wireless Setup,A Group,Firing Mode,,,
"<i name=""camera""/>Photo",Flash 2,Wireless Setup,A Group,Flash Adjust.,,,
"<i name=""camera""/>Photo",Flash 2,Wireless Setup,A Group,Manual Flash Adjust.,,,
"<i name=""camera""/>Photo",Flash 2,Wireless Setup,B Group,Firing Mode,,,
"<i name=""camera""/>Photo",Flash 2,Wireless Setup,B Group,Flash Adjust.,,,
"<i name=""camera""/>Photo",Flash 2,Wireless Setup,B Group,Manual Flash Adjust.,,,
"<i name=""camera""/>Photo",Flash 2,Wireless Setup,C Group,Firing Mode,,,,
"<i name=""camera""/>Photo",Flash 2,Wireless Setup,C Group,Flash Adjust.,,,
"<i name=""camera""/>Photo",Flash 2,Wireless Setup,C Group,Manual Flash Adjust.,,,
"<i name=""camera""/>Photo",Others (Photo) 1,Bracketing,Bracketing Type,Exposure,,,,
"<i name=""camera""/>Photo",Others (Photo) 1,Bracketing,Bracketing Type,ISO,,,,
"<i name=""camera""/>Photo",Others (Photo) 1,Bracketing,Bracketing Type,White Balance,,,,
"<i name=""camera""/>Photo",Others (Photo) 1,Bracketing,Bracketing Type,Aperture,,,,
"<i name=""camera""/>Photo",Others (Photo) 1,Bracketing,Bracketing Type,Focus,,,,
"<i name=""camera""/>Photo",Others (Photo) 1,Bracketing,Bracketing Type,OFF,,,,
"<i name=""camera""/>Photo",Others (Photo) 1,Bracketing,More Settings,,,,,
"<i name=""camera""/>Photo",Others (Photo) 1,Silent Mode,ON,,,,,
"<i name=""camera""/>Photo",Others (Photo) 1,Silent Mode,OFF,,,,,
"<i name=""camera""/>Photo",Others (Photo) 1,Image Stabilizer,Operation Mode,OFF,,,,
"<i name=""camera""/>Photo",Others (Photo) 1,Image Stabilizer,Body(B.I.S.) / Lens(O.I.S.),OFF,,,,
"<i name=""camera""/>Photo",Others (Photo) 1,Image Stabilizer,When to Activate,ALWAYS,,,,
"<i name=""camera""/>Photo",Others (Photo) 1,Image Stabilizer,When to Activate,HALF-SHUTTER,,,,
"<i name=""camera""/>Photo",Others (Photo) 1,Image Stabilizer,E-Stabilization (Video),ON,,,,
"<i name=""camera""/>Photo",Others (Photo) 1,Image Stabilizer,E-Stabilization (Video),OFF,,,,
"<i name=""camera""/>Photo",Others (Photo) 1,Image Stabilizer,Boost I.S. (Video),ON,,,,
"<i name=""camera""/>Photo",Others (Photo) 1,Image Stabilizer,Boost I.S. (Video),OFF,,,,
"<i name=""camera""/>Photo",Others (Photo) 1,Image Stabilizer,Focal Length Set,0.1mm,,,,
"<i name=""camera""/>Photo",Others (Photo) 1,Image Stabilizer,Focal Length Set,35.0mm,,,,
"<i name=""camera""/>Photo",Others (Photo) 1,Image Stabilizer,Focal Length Set,1000.0mm,,,,
"<i name=""camera""/>Photo",Others (Photo) 1,Burst Shot 1 Setting,H,,,,,
"<i name=""camera""/>Photo",Others (Photo) 1,Burst Shot 1 Setting,M,,,,,
"<i name=""camera""/>Photo",Others (Photo) 1,Burst Shot 1 Setting,L,,,,,
"<i name=""camera""/>Photo",Others (Photo) 1,Burst Shot 2 Setting,H,,,,,
"<i name=""camera""/>Photo",Others (Photo) 1,Burst Shot 2 Setting,M,,,,,
"<i name=""camera""/>Photo",Others (Photo) 1,Burst Shot 2 Setting,L,,,,,
"<i name=""camera""/>Photo",Others (Photo) 1,Shutter Type,AUTO,,,,,
"<i name=""camera""/>Photo",Others (Photo) 1,Shutter Type,MECH.,,,,,
"<i name=""camera""/>Photo",Others (Photo) 1,Shutter Type,EFC,,,,,
"<i name=""camera""/>Photo",Others (Photo) 1,Shutter Type,ELEC.,,,,,
"<i name=""camera""/>Photo",Others (Photo) 1,Shutter Type,ELEC.+NR,,,,,
"<i name=""camera""/>Photo",Others (Photo) 1,Shutter Delay,8SEC,,,,,
"<i name=""camera""/>Photo",Others (Photo) 1,Shutter Delay,4SEC,,,,,
"<i name=""camera""/>Photo",Others (Photo) 1,Shutter Delay,2SEC,,,,,
"<i name=""camera""/>Photo",Others (Photo) 1,Shutter Delay,1SEC,,,,,
"<i name=""camera""/>Photo",Others (Photo) 1,Shutter Delay,OFF,,,,,
"<i name=""camera""/>Photo",Others (Photo) 1,Ex. Tele Conv.,ZOOM,,,,,
"<i name=""camera""/>Photo",Others (Photo) 1,Ex. Tele Conv.,TELE CONV.,,,,,
"<i name=""camera""/>Photo",Others (Photo) 1,Ex. Tele Conv.,OFF,,,,,
"<i name=""camera""/>Photo",Others (Photo),Time Lapse/Animation,Mode,Time Lapse Shot,,,
"<i name=""camera""/>Photo",Others (Photo),Time Lapse/Animation,Mode,Stop Motion Animation,,,
"<i name=""camera""/>Photo",Others (Photo),Self Timer,10sec,,,,,
"<i name=""camera""/>Photo",Others (Photo),Self Timer,10sec/3 images,,,,,
"<i name=""camera""/>Photo",Others (Photo),Self Timer,2sec,,,,,
"<i name=""camera""/>Photo",Others (Photo),Flicker Decrease (Photo),ON,,,,,
"<i name=""camera""/>Photo",Others (Photo),Flicker Decrease (Photo),OFF,,,,,
"<i name=""camera""/>Photo",Others (Photo),6K/4K PHOTO,Picture Size / Burst Speed,6K18M,,,,
"<i name=""camera""/>Photo",Others (Photo),6K/4K PHOTO,Picture Size / Burst Speed,4KH8M,,,,
"<i name=""camera""/>Photo",Others (Photo),6K/4K PHOTO,Picture Size / Burst Speed,4K8M,,,,
"<i name=""camera""/>Photo",Others (Photo),6K/4K PHOTO,Rec Method,6K/4K Burst,,,,
"<i name=""camera""/>Photo",Others (Photo),6K/4K PHOTO,Rec Method,6K/4K Burst(S/S),,,,
"<i name=""camera""/>Photo",Others (Photo),6K/4K PHOTO,Rec Method,6K/4K Pre-Burst,,,,
"<i name=""camera""/>Photo",Others (Photo),6K/4K PHOTO,Pre-Burst Recording,ON,,,,
"<i name=""camera""/>Photo",Others (Photo),6K/4K PHOTO,Pre-Burst Recording,OFF,,,,
"<i name=""camera""/>Photo",Others (Photo),Post-Focus,6K 18M,,,,,
"<i name=""camera""/>Photo",Others (Photo),Post-Focus,4K 8M,,,,,
"<i name=""camera""/>Photo",Others (Photo),Post-Focus,OFF,,,,,
"<i name=""camera""/>Photo",Others (Photo),Multiple Exposure,Start,,,,,
"<i name=""camera""/>Photo",Others (Photo),Multiple Exposure,Auto Gain,ON,,,,
"<i name=""camera""/>Photo",Others (Photo),Multiple Exposure,Auto Gain,OFF,,,,
"<i name=""camera""/>Photo",Others (Photo),Multiple Exposure,Overlay,ON,,,,
"<i name=""camera""/>Photo",Others (Photo),Multiple Exposure,Overlay,OFF,,,,
"Video",Image Quality 1,Exposure Mode,P,,,,
"Video",Image Quality 1,Exposure Mode,A,,,,
"Video",Image Quality 1,Exposure Mode,S,,,,
"Video",Image Quality 1,Exposure Mode,M,,,,
"Video",Image Quality 1,Photo Style,Standard,,,,
"Video",Image Quality 1,Photo Style,Vivid,,,,
"Video",Image Quality 1,Photo Style,Natural,,,,
"Video",Image Quality 1,Photo Style,Flat,,,,
"Video",Image Quality 1,Photo Style,Landscape,,,,
"Video",Image Quality 1,Photo Style,Portrait,,,,
"Video",Image Quality 1,Photo Style,Monochrome,,,,
"Video",Image Quality 1,Photo Style,L.Monochrome,,,,
"Video",Image Quality 1,Photo Style,L.Monochrome D,,,,
"Video",Image Quality 1,Photo Style,Cinelike D,,,,
"Video",Image Quality 1,Photo Style,Cinelike V,,,,
"Video",Image Quality 1,Photo Style,Like709,,,,
"Video",Image Quality 1,Photo Style,Standard(HLG),,,,
"Video",Image Quality 1,Photo Style,Monochrome(HLG),,,,
"Video",Image Quality 1,Photo Style,Like2100(HLG),,,,
"Video",Image Quality 1,Photo Style,MY PHOTO STYLE 1,,,,
"Video",Image Quality 1,Photo Style,MY PHOTO STYLE 2,,,,
"Video",Image Quality 1,Photo Style,MY PHOTO STYLE 3,,,,
"Video",Image Quality 1,Photo Style,MY PHOTO STYLE 4,,,,
"Video",Image Quality 1,Photo Style,MY PHOTO STYLE 5,,,,
"Video",Image Quality 1,Photo Style,MY PHOTO STYLE 6,,,,
"Video",Image Quality 1,Photo Style,MY PHOTO STYLE 7,,,,
"Video",Image Quality 1,Photo Style,MY PHOTO STYLE 8,,,,
"Video",Image Quality 1,Photo Style,MY PHOTO STYLE 9,,,,
"Video",Image Quality 1,Photo Style,MY PHOTO STYLE 10,,,,
"Video",Image Quality 1,Metering Mode,Multiple,,,,
"Video",Image Quality 1,Metering Mode,Center Weighted,,,,
"Video",Image Quality 1,Metering Mode,Spot,,,,
"Video",Image Quality 1,Metering Mode,Highlight Weighted,,,,
"Video",Image Quality 1,ISO Sensitivity (video),ISO Auto Lower Limit Setting,100,,,
"Video",Image Quality 1,ISO Sensitivity (video),ISO Auto Lower Limit Setting,125,,,
"Video",Image Quality 1,ISO Sensitivity (video),ISO Auto Lower Limit Setting,160,,,
"Video",Image Quality 1,ISO Sensitivity (video),ISO Auto Lower Limit Setting,200,,,
"Video",Image Quality 1,ISO Sensitivity (video),ISO Auto Lower Limit Setting,250,,,
"Video",Image Quality 1,ISO Sensitivity (video),ISO Auto Lower Limit Setting,320,,,
"Video",Image Quality 1,ISO Sensitivity (video),ISO Auto Lower Limit Setting,400,,,
"Video",Image Quality 1,ISO Sensitivity (video),ISO Auto Lower Limit Setting,500,,,
"Video",Image Quality 1,ISO Sensitivity (video),ISO Auto Lower Limit Setting,640,,,
"Video",Image Quality 1,ISO Sensitivity (video),ISO Auto Lower Limit Setting,800,,,
"Video",Image Quality 1,ISO Sensitivity (video),ISO Auto Lower Limit Setting,1000,,,
"Video",Image Quality 1,ISO Sensitivity (video),ISO Auto Lower Limit Setting,1250,,,
"Video",Image Quality 1,ISO Sensitivity (video),ISO Auto Lower Limit Setting,1600,,,
"Video",Image Quality 1,ISO Sensitivity (video),ISO Auto Lower Limit Setting,2000,,,
"Video",Image Quality 1,ISO Sensitivity (video),ISO Auto Lower Limit Setting,2500,,,
"Video",Image Quality 1,ISO Sensitivity (video),ISO Auto Lower Limit Setting,3200,,,
"Video",Image Quality 1,ISO Sensitivity (video),ISO Auto Lower Limit Setting,4000,,,
"Video",Image Quality 1,ISO Sensitivity (video),ISO Auto Lower Limit Setting,5000,,,
"Video",Image Quality 1,ISO Sensitivity (video),ISO Auto Lower Limit Setting,6400,,,
"Video",Image Quality 1,ISO Sensitivity (video),ISO Auto Lower Limit Setting,8000,,,
"Video",Image Quality 1,ISO Sensitivity (video),ISO Auto Lower Limit Setting,10000,,,
"Video",Image Quality 1,ISO Sensitivity (video),ISO Auto Lower Limit Setting,12800,,,
"Video",Image Quality 1,ISO Sensitivity (video),ISO Auto Lower Limit Setting,16000,,,
"Video",Image Quality 1,ISO Sensitivity (video),ISO Auto Lower Limit Setting,20000,,,
"Video",Image Quality 1,ISO Sensitivity (video),ISO Auto Lower Limit Setting,25600,,,
"Video",Image Quality 1,ISO Sensitivity (video),ISO Auto Upper Limit Setting,AUTO,,,
"Video",Image Quality 1,ISO Sensitivity (video),ISO Auto Upper Limit Setting,200,,,
"Video",Image Quality 1,ISO Sensitivity (video),ISO Auto Upper Limit Setting,250,,,
"Video",Image Quality 1,ISO Sensitivity (video),ISO Auto Upper Limit Setting,320,,,
"Video",Image Quality 1,ISO Sensitivity (video),ISO Auto Upper Limit Setting,400,,,
"Video",Image Quality 1,ISO Sensitivity (video),ISO Auto Upper Limit Setting,500,,,
"Video",Image Quality 1,ISO Sensitivity (video),ISO Auto Upper Limit Setting,640,,,
"Video",Image Quality 1,ISO Sensitivity (video),ISO Auto Upper Limit Setting,800,,,
"Video",Image Quality 1,ISO Sensitivity (video),ISO Auto Upper Limit Setting,1000,,,
"Video",Image Quality 1,ISO Sensitivity (video),ISO Auto Upper Limit Setting,1250,,,
"Video",Image Quality 1,ISO Sensitivity (video),ISO Auto Upper Limit Setting,1600,,,
"Video",Image Quality 1,ISO Sensitivity (video),ISO Auto Upper Limit Setting,2000,,,
"Video",Image Quality 1,ISO Sensitivity (video),ISO Auto Upper Limit Setting,2500,,,
"Video",Image Quality 1,ISO Sensitivity (video),ISO Auto Upper Limit Setting,3200,,,
"Video",Image Quality 1,ISO Sensitivity (video),ISO Auto Upper Limit Setting,4000,,,
"Video",Image Quality 1,ISO Sensitivity (video),ISO Auto Upper Limit Setting,5000,,,
"Video",Image Quality 1,ISO Sensitivity (video),ISO Auto Upper Limit Setting,6400,,,
"Video",Image Quality 1,ISO Sensitivity (video),ISO Auto Upper Limit Setting,8000,,,
"Video",Image Quality 1,ISO Sensitivity (video),ISO Auto Upper Limit Setting,10000,,,
"Video",Image Quality 1,ISO Sensitivity (video),ISO Auto Upper Limit Setting,12800,,,
"Video",Image Quality 1,ISO Sensitivity (video),ISO Auto Upper Limit Setting,16000,,,
"Video",Image Quality 1,ISO Sensitivity (video),ISO Auto Upper Limit Setting,20000,,,
"Video",Image Quality 1,ISO Sensitivity (video),ISO Auto Upper Limit Setting,25600,,,
"Video",Image Quality 1,ISO Sensitivity (video),ISO Auto Upper Limit Setting,32000,,,
"Video",Image Quality 1,ISO Sensitivity (video),ISO Auto Upper Limit Setting,40000,,,
"Video",Image Quality 1,ISO Sensitivity (video),ISO Auto Upper Limit Setting,51200,,,
"Video",Image Quality 1,Flicker Decrease (Video),1/50,,,,
"Video",Image Quality 1,Flicker Decrease (Video),1/60,,,,
"Video",Image Quality 1,Flicker Decrease (Video),1/100,,,,
"Video",Image Quality 1,Flicker Decrease (Video),1/120,,,,
"Video",Image Quality 1,Flicker Decrease (Video),OFF,,,,
"Video",Image Quality 1,i.Dynamic Range,AUTO,,,,
"Video",Image Quality 1,i.Dynamic Range,HIGH,,,,
"Video",Image Quality 1,i.Dynamic Range,STANDARD,,,,
"Video",Image Quality 1,i.Dynamic Range,LOW,,,,
"Video",Image Quality 1,i.Dynamic Range,OFF,,,,
"Video",Image Quality 1,Vignetting Comp.,ON,,,,
"Video",Image Quality 1,Vignetting Comp.,OFF,,,,
"Video",Image Quality 1,Diffraction Compensation,AUTO,,,,
"Video",Image Quality 1,Diffraction Compensation,OFF,,,,
"Video",Image Quality 2,Filter Settings,Filter Effect,ON,,,
"Video",Image Quality 2,Filter Settings,Filter Effect,OFF,,,
"Video",Image Quality 2,Filter Settings,Filter Effect,SET,,,
"Video",Image Quality 2,Filter Settings,Simultaneous Record w/o Filter,ON,,,
"Video",Image Quality 2,Filter Settings,Simultaneous Record w/o Filter,OFF,,,
"Video",Image Quality 2,Auto Exposure in P/A/S/M,ON,,,,
"Video",Image Quality 2,Auto Exposure in P/A/S/M,OFF,,,,
"Video",Image Format,Rec Quality,180/30p FHD,,,,
"Video",Image Format,Rec Quality,150/30p FHD,,,,
"Video",Image Format,Rec Quality,60/30p 4K,,,,
"Video",Image Format,Rec Quality,48/23.98p 4K,,,,
"Video",Image Format,Rec Quality,OFF,,,,
"Video",Image Format,High Speed Video,180/30p FHD,,,,
"Video",Image Format,High Speed Video,150/30p FHD,,,,
"Video",Image Format,High Speed Video,60/30p 4K,,,,
"Video",Image Format,High Speed Video,48/23.98p 4K,,,,
"Video",Image Format,High Speed Video,OFF,,,,
"Video",Image Format,Rec. File Format,AVCHD,,,,
"Video",Image Format,Rec. File Format,MP4,,,,
"Video",Image Format,Rec. File Format,MP4 HEVC,,,,
"Video",Image Format,Luminance Level,0-255,,,,
"Video",Image Format,Luminance Level,16-255,,,,
"Video",Focus,AF Custom Setting(Video),Set 1,,,,
"Video",Focus,AF Custom Setting(Video),Set 2,,,,
"Video",Focus,AF Custom Setting(Video),Set 3,,,,
"Video",Focus,AF Custom Setting(Video),Set 4,,,,
"Video",Focus,AF Custom Setting(Video),SET,AF Speed,,,
"Video",Focus,AF Custom Setting(Video),SET,AF Sensitivity,,,
"Video",Focus,Continuous AF,ON,,,,
"Video",Focus,Continuous AF,OFF,,,,
"Video",Focus,Focus Peaking,ON,,,,
"Video",Focus,Focus Peaking,OFF,,,,
"Video",Focus,Focus Peaking,SET,Focus Peaking Sensitivity,,,
"Video",Focus,Focus Peaking,SET,Display Color,,,
"Video",Focus,Focus Peaking,SET,Display While AFS,,,
"Video",Focus,1-Area AF Moving Speed,FAST,,,,
"Video",Focus,1-Area AF Moving Speed,NORMAL,,,,
"Video",Audio 1,Sound Rec Level Disp.,ON,,,,
"Video",Audio 1,Sound Rec Level Disp.,OFF,,,,
"Video",Audio 1,Sound Rec Level Adj.,-12dB,,,,
"Video",Audio 1,Sound Rec Level Adj.,-11dB,,,,
"Video",Audio 1,Sound Rec Level Adj.,-10dB,,,,
"Video",Audio 1,Sound Rec Level Adj.,-9dB,,,,
"Video",Audio 1,Sound Rec Level Adj.,-8dB,,,,
"Video",Audio 1,Sound Rec Level Adj.,-7dB,,,,
"Video",Audio 1,Sound Rec Level Adj.,-6dB,,,,
"Video",Audio 1,Sound Rec Level Adj.,-5dB,,,,
"Video",Audio 1,Sound Rec Level Adj.,-4dB,,,,
"Video",Audio 1,Sound Rec Level Adj.,-3dB,,,,
"Video",Audio 1,Sound Rec Level Adj.,-2dB,,,,
"Video",Audio 1,Sound Rec Level Adj.,-1dB,,,,
"Video",Audio 1,Sound Rec Level Adj.,0dB,,,,
"Video",Audio 1,Sound Rec Level Adj.,1dB,,,,
"Video",Audio 1,Sound Rec Level Adj.,2dB,,,,
"Video",Audio 1,Sound Rec Level Adj.,3dB,,,,
"Video",Audio 1,Sound Rec Level Adj.,4dB,,,,
"Video",Audio 1,Sound Rec Level Adj.,5dB,,,,
"Video",Audio 1,Sound Rec Level Adj.,6dB,,,,
"Video",Audio 1,Sound Rec Level Adj.,6dB,,,,
"Video",Audio 1,Sound Rec Level Limiter,ON,,,,
"Video",Audio 1,Sound Rec Level Limiter,OFF,,,,
"Video",Audio 1,Wind Noise Canceller,HIGH,,,,
"Video",Audio 1,Wind Noise Canceller,STANDARD,,,,
"Video",Audio 1,Wind Noise Canceller,OFF,,,,
"Video",Audio 1,Wind Cut,HIGH,,,,
"Video",Audio 1,Wind Cut,STANDARD,,,,
"Video",Audio 1,Wind Cut,LOW,,,,
"Video",Audio 1,Wind Cut,OFF,,,,
"Video",Audio 1,Mic Socket,STEREO,,,,
"Video",Audio 1,Mic Socket,LENS AUTO,,,,
"Video",Audio 1,Mic Socket,SHOTGUN,,,,
"Video",Audio 1,Mic Socket,S. SHOTGUN,,,,
"Video",Audio 1,Mic Socket,MANUAL,,,,
"Video",Audio 1,Special Mic.,STEREO,,,,
"Video",Audio 1,Special Mic.,LENS AUTO,,,,
"Video",Audio 1,Special Mic.,SHOTGUN,,,,
"Video",Audio 1,Special Mic.,S. SHOTGUN,,,,
"Video",Audio 1,Special Mic.,MANUAL,,,,
"Video",Audio 1,XLR Mic Adaptor Setting,ON,,,,
"Video",Audio 1,XLR Mic Adaptor Setting,OFF,,,,
"Video",Audio 2,Sound Output,REALTIME,,,,
"Video",Audio 2,Sound Output,REC SOUND,,,,
"Video",Monitor / Display,HDMI Rec Output,Info Display,ON,,,
"Video",Monitor / Display,HDMI Rec Output,Info Display,OFF,,,
"Video",Others (Video),Image Stabilizer,Operation Mode,OFF,,,
"Video",Others (Video),Image Stabilizer,Body(B.I.S.) / Lens(O.I.S.),OFF,,,
"Video",Others (Video),Image Stabilizer,When to Activate,ALWAYS,,,
"Video",Others (Video),Image Stabilizer,When to Activate,HALF-SHUTTER,,,
"Video",Others (Video),Image Stabilizer,E-Stabilization (Video),ON,,,
"Video",Others (Video),Image Stabilizer,E-Stabilization (Video),OFF,,,
"Video",Others (Video),Image Stabilizer,Boost I.S. (Video),ON,,,
"Video",Others (Video),Image Stabilizer,Boost I.S. (Video),OFF,,,
"Video",Others (Video),Image Stabilizer,Focal Length Set,0.1mm,,,
"Video",Others (Video),Image Stabilizer,Focal Length Set,35.0mm,,,
"Video",Others (Video),Image Stabilizer,Focal Length Set,1000.0mm,,,
"Video",Others (Video),Image Area of Video,FULL,,,,
"Video",Others (Video),Image Area of Video,APS-C,,,,
"Video",Others (Video),Image Area of Video,PIXEL/PIXEL,,,,
"Custom",Image Quality,Show/Hide Photo Style,Vivid,,,,
"Custom",Image Quality,Show/Hide Photo Style,Natural,,,,
"Custom",Image Quality,Show/Hide Photo Style,Flat,,,,
"Custom",Image Quality,Show/Hide Photo Style,Landscape,,,,
"Custom",Image Quality,Show/Hide Photo Style,Portrait,,,,
"Custom",Image Quality,Show/Hide Photo Style,L.Monochrome,,,,
"Custom",Image Quality,Show/Hide Photo Style,L.Monochrome D,,,,
"Custom",Image Quality,Show/Hide Photo Style,Cinelike D,,,,
"Custom",Image Quality,Show/Hide Photo Style,Cinelike V,,,,
"Custom",Image Quality,Show/Hide Photo Style,Like709,,,,
"Custom",Image Quality,Show/Hide Photo Style,MY PHOTO STYLE 1,,,,
"Custom",Image Quality,Show/Hide Photo Style,MY PHOTO STYLE 2,,,,
"Custom",Image Quality,Show/Hide Photo Style,MY PHOTO STYLE 3,,,,
"Custom",Image Quality,Show/Hide Photo Style,MY PHOTO STYLE 4,,,,
"Custom",Image Quality,Show/Hide Photo Style,MY PHOTO STYLE 5,,,,
"Custom",Image Quality,Show/Hide Photo Style,MY PHOTO STYLE 6,,,,
"Custom",Image Quality,Show/Hide Photo Style,MY PHOTO STYLE 7,,,,
"Custom",Image Quality,Show/Hide Photo Style,MY PHOTO STYLE 8,,,,
"Custom",Image Quality,Show/Hide Photo Style,MY PHOTO STYLE 9,,,,
"Custom",Image Quality,Show/Hide Photo Style,MY PHOTO STYLE 10,,,,
"Custom",Image Quality,Photo Style Settings,Add Effects,,,,
"Custom",Image Quality,Photo Style Settings,Load Preset Setting,,,,
"Custom",Image Quality,Reset Photo Style,,,,,
"Custom",Image Quality,ISO Increments,1/3EV,,,,
"Custom",Image Quality,ISO Increments,1EV,,,,
"Custom",Image Quality,Extended ISO,ON,,,,
"Custom",Image Quality,Extended ISO,OFF,,,,
"Custom",Image Quality,Exposure Offset Adjust.,Multi Metering,-1EV,,,
"Custom",Image Quality,Exposure Offset Adjust.,Multi Metering,±0EV,,,
"Custom",Image Quality,Exposure Offset Adjust.,Multi Metering,+1EV,,,
"Custom",Image Quality,Exposure Offset Adjust.,Center Weighted,-1EV,,,
"Custom",Image Quality,Exposure Offset Adjust.,Center Weighted,±0EV,,,
"Custom",Image Quality,Exposure Offset Adjust.,Center Weighted,+1EV,,,
"Custom",Image Quality,Exposure Offset Adjust.,Spot,-1EV,,,
"Custom",Image Quality,Exposure Offset Adjust.,Spot,±0EV,,,
"Custom",Image Quality,Exposure Offset Adjust.,Spot,+1EV,,,
"Custom",Image Quality,Exposure Offset Adjust.,Highlight Weighted,-1EV,,,
"Custom",Image Quality,Exposure Offset Adjust.,Highlight Weighted,±0EV,,,
"Custom",Image Quality,Exposure Offset Adjust.,Highlight Weighted,+1EV,,,
"Custom",Image Quality,Color Space,sRGB,,,,
"Custom",Image Quality,Color Space,AdobeRGB,,,,
"Custom",Image Quality,Exposure Comp. Reset,ON,,,,
"Custom",Image Quality,Exposure Comp. Reset,OFF,,,,
"Custom",Focus/Shutter 1,Focus/Shutter Priority,AFS,FOCUS,,,
"Custom",Focus/Shutter 1,Focus/Shutter Priority,AFS,BALANCE,,,
"Custom",Focus/Shutter 1,Focus/Shutter Priority,AFS,RELEASE,,,
"Custom",Focus/Shutter 1,Focus/Shutter Priority,AFC,FOCUS,,,
"Custom",Focus/Shutter 1,Focus/Shutter Priority,AFC,BALANCE,,,
"Custom",Focus/Shutter 1,Focus/Shutter Priority,AFC,RELEASE,,,
"Custom",Focus/Shutter 1,Focus Switching for Vert / Hor,ON,,,,
"Custom",Focus/Shutter 1,Focus Switching for Vert / Hor,OFF,,,,
"Custom",Focus/Shutter 1,AF/AE Lock Hold,ON,,,,
"Custom",Focus/Shutter 1,AF/AE Lock Hold,OFF,,,,
"Custom",Focus/Shutter 1,AF+MF,ON,,,,
"Custom",Focus/Shutter 1,AF+MF,OFF,,,,
"Custom",Focus/Shutter 1,MF Assist,Focus Ring,ON,,,
"Custom",Focus/Shutter 1,MF Assist,Focus Ring,OFF,,,
"Custom",Focus/Shutter 1,MF Assist,AF Mode/MF,ON,,,
"Custom",Focus/Shutter 1,MF Assist,AF Mode/MF,OFF,,,
"Custom",Focus/Shutter 1,MF Assist,Press Joystick,ON,,,
"Custom",Focus/Shutter 1,MF Assist,Press Joystick,OFF,,,
"Custom",Focus/Shutter 1,MF Assist,MF Assist Display,FULL,,,
"Custom",Focus/Shutter 1,MF Assist,MF Assist Display,PIP,,,
"Custom",Focus/Shutter 1,MF Guide,Meters,,,,
"Custom",Focus/Shutter 1,MF Guide,Feet,,,,
"Custom",Focus/Shutter 1,MF Guide,OFF,,,,
"Custom",Focus/Shutter 1,Focus Ring Lock,ON,,,,
"Custom",Focus/Shutter 1,Focus Ring Lock,OFF,,,,
"Custom",Focus/Shutter 1,Show/Hide AF Mode,Face/Eye/Body/Animal Detect.,ON,,,
"Custom",Focus/Shutter 1,Show/Hide AF Mode,Face/Eye/Body/Animal Detect.,OFF,,,
"Custom",Focus/Shutter 1,Show/Hide AF Mode,Tracking,ON,,,
"Custom",Focus/Shutter 1,Show/Hide AF Mode,Tracking,OFF,,,
"Custom",Focus/Shutter 1,Show/Hide AF Mode,225-Area,ON,,,
"Custom",Focus/Shutter 1,Show/Hide AF Mode,225-Area,OFF,,,
"Custom",Focus/Shutter 1,Show/Hide AF Mode,Zone (Vert./ Horz.),ON,,,
"Custom",Focus/Shutter 1,Show/Hide AF Mode,Zone (Vert./ Horz.),OFF,,,
"Custom",Focus/Shutter 1,Show/Hide AF Mode,Zone (Square),ON,,,
"Custom",Focus/Shutter 1,Show/Hide AF Mode,Zone (Square),OFF,,,
"Custom",Focus/Shutter 1,Show/Hide AF Mode,Zone (Oval),ON,,,
"Custom",Focus/Shutter 1,Show/Hide AF Mode,Zone (Oval),OFF,,,
"Custom",Focus/Shutter 1,Show/Hide AF Mode,1-Area+,ON,,,
"Custom",Focus/Shutter 1,Show/Hide AF Mode,1-Area+,OFF,,,
"Custom",Focus/Shutter 1,Show/Hide AF Mode,Pinpoint,ON,,,
"Custom",Focus/Shutter 1,Show/Hide AF Mode,Pinpoint,OFF,,,
"Custom",Focus/Shutter 1,Show/Hide AF Mode,Custom1,ON,,,
"Custom",Focus/Shutter 1,Show/Hide AF Mode,Custom1,OFF,,,
"Custom",Focus/Shutter 1,Show/Hide AF Mode,Custom2,ON,,,
"Custom",Focus/Shutter 1,Show/Hide AF Mode,Custom2,OFF,,,
"Custom",Focus/Shutter 1,Show/Hide AF Mode,Custom3,ON,,,
"Custom",Focus/Shutter 1,Show/Hide AF Mode,Custom3,OFF,,,
"Custom",Focus/Shutter 2,Pinpoint AF Setting,Pinpoint AF Time,LONG,,,
"Custom",Focus/Shutter 2,Pinpoint AF Setting,Pinpoint AF Time,MID,,,
"Custom",Focus/Shutter 2,Pinpoint AF Setting,Pinpoint AF Time,SHORT,,,
"Custom",Focus/Shutter 2,Pinpoint AF Setting,Pinpoint AF Display,FULL,,,
"Custom",Focus/Shutter 2,Pinpoint AF Setting,Pinpoint AF Display,PIP,,,
"Custom",Focus/Shutter 2,AF-Point Scope Setting,Keep Enlarged Display,ON,,,
"Custom",Focus/Shutter 2,AF-Point Scope Setting,Keep Enlarged Display,OFF,,,
"Custom",Focus/Shutter 2,AF-Point Scope Setting,PIP Display,FULL,,,
"Custom",Focus/Shutter 2,AF-Point Scope Setting,PIP Display,PIP,,,
"Custom",Focus/Shutter 2,Shutter AF,ON,,,,
"Custom",Focus/Shutter 2,Shutter AF,OFF,,,,
"Custom",Focus/Shutter 2,Half-Press Shutter,ON,,,,
"Custom",Focus/Shutter 2,Half-Press Shutter,OFF,,,,
"Custom",Focus/Shutter 2,Quick AF,ON,,,,
"Custom",Focus/Shutter 2,Quick AF,OFF,,,,
"Custom",Focus/Shutter 2,Eye Sensor AF,ON,,,,
"Custom",Focus/Shutter 2,Eye Sensor AF,OFF,,,,
"Custom",Focus/Shutter 2,Looped Focus Frame,ON,,,,
"Custom",Focus/Shutter 2,Looped Focus Frame,OFF,,,,
"Custom",Focus/Shutter 2,AFC Start Point (225-Area),ON,,,,
"Custom",Focus/Shutter 2,AFC Start Point (225-Area),OFF,,,,
"Custom",Operation 1,Layout Style,MODE1,,,,
"Custom",Operation 1,Layout Style,MODE2,,,,
"Custom",Operation 1,Front Dial Assignment,Item,,,,
"Custom",Operation 1,Front Dial Assignment,Value,,,,
"Custom",Operation 1,Q.MENU Settings,Item Customize (Photo),,,,
"Custom",Operation 1,Q.MENU Settings,Item Customize (Video),,,,
"Custom",Operation 1,Touch Settings,Touch Screen,ON,,,
"Custom",Operation 1,Touch Settings,Touch Screen,OFF,,,
"Custom",Operation 1,Touch Settings,Touch Tab,ON,,,
"Custom",Operation 1,Touch Settings,Touch Tab,OFF,,,
"Custom",Operation 1,Touch Settings,Touch AF,AF,,,
"Custom",Operation 1,Touch Settings,Touch AF,AF+AE,,,
"Custom",Operation 1,Touch Settings,Touch AF,OFF,,,
"Custom",Operation 1,Touch Settings,Touch Pad AF,EXACT,,,
"Custom",Operation 1,Touch Settings,Touch Pad AF,OFFSET,,,
"Custom",Operation 1,Touch Settings,Touch Pad AF,OFF,,,
"Custom",Operation 1,Lock Lever Setting,Cursor,,,,
"Custom",Operation 1,Lock Lever Setting,Joystick,,,,
"Custom",Operation 1,Lock Lever Setting,Touch Screen,,,,
"Custom",Operation 1,Lock Lever Setting,Dial,,,,
"Custom",Operation 1,Lock Lever Setting,DISP. Button,,,,
"Custom",Operation 1,Lock Lever Setting,Setting in REC mode,,,,
"Custom",Operation 1,Lock Lever Setting,Setting in PLAY mode,,,,
"Custom",Operation 1,Fn Button Set,,,,,
"Custom",Operation 1,Fn Lever Setting,Function of Fn Lever,,,,
"Custom",Operation 1,Fn Lever Setting,MODE 2 Setting,,,,
"Custom",Operation 1,WB/ISO/Expo. Button,WHILE PRESSING,,,,
"Custom",Operation 1,WB/ISO/Expo. Button,AFTER PRESSING1,,,,
"Custom",Operation 1,WB/ISO/Expo. Button,AFTER PRESSING2,,,,
"Custom",Operation 2,ISO Displayed Setting,Front/Rear Dials,,,,
"Custom",Operation 2,ISO Displayed Setting,OFF,,,,
"Custom",Operation 2,Exposure Comp. Disp. Setting,Cursor Buttons (Up/Down),,,,
"Custom",Operation 2,Exposure Comp. Disp. Setting,Cursor Buttons (Up/Down),OFF,,,
"Custom",Operation 2,Exposure Comp. Disp. Setting,Front/Rear Dials,,,,
"Custom",Operation 2,Exposure Comp. Disp. Setting,OFF,,,,
"Custom",Operation 2,Dial Set.,Assign Dial (F/SS),SET1,,,
"Custom",Operation 2,Dial Set.,Assign Dial (F/SS),SET2,,,
"Custom",Operation 2,Dial Set.,Assign Dial (F/SS),SET3,,,
"Custom",Operation 2,Dial Set.,Assign Dial (F/SS),SET4,,,
"Custom",Operation 2,Dial Set.,Assign Dial (F/SS),SET5,,,
"Custom",Operation 2,Dial Set.,Rotation (F/SS),,,,
"Custom",Operation 2,Dial Set.,Control Dial Assignment,,,,
"Custom",Operation 2,Dial Set.,Dial Operation Switch Setup,,,,
"Custom",Operation 2,Dial Set.,Rotation (Menu Operation),,,,
"Custom",Operation 2,Joystick Setting,D.FOCUS Movement,,,,
"Custom",Operation 2,Joystick Setting,Fn,,,,
"Custom",Operation 2,Joystick Setting,MENU,,,,
"Custom",Operation 2,Joystick Setting,OFF,,,,
"Custom",Operation 2,Illuminated Button,ON1,,,,
"Custom",Operation 2,Illuminated Button,ON2,,,,
"Custom",Operation 2,Illuminated Button,OFF,,,,
"Custom",Operation 2,Video Rec. Button (Remote),ON,,,,
"Custom",Operation 2,Video Rec. Button (Remote),OFF,,,,
"Custom",Monitor / Display 1,Auto Review,Duration Time (photo),HOLD,,,
"Custom",Monitor / Display 1,Auto Review,Duration Time (photo),5SEC,,,
"Custom",Monitor / Display 1,Auto Review,Duration Time (photo),4SEC,,,
"Custom",Monitor / Display 1,Auto Review,Duration Time (photo),3SEC,,,
"Custom",Monitor / Display 1,Auto Review,Duration Time (photo),2SEC,,,
"Custom",Monitor / Display 1,Auto Review,Duration Time (photo),1SEC,,,
"Custom",Monitor / Display 1,Auto Review,Duration Time (photo),OFF,,,
"Custom",Monitor / Display 1,Auto Review,Duration Time (6K/4K PHOTO),HOLD,,,
"Custom",Monitor / Display 1,Auto Review,Duration Time (6K/4K PHOTO),OFF,,,
"Custom",Monitor / Display 1,Auto Review,Duration Time (Post-Focus),HOLD,,,
"Custom",Monitor / Display 1,Auto Review,Duration Time (Post-Focus),OFF,,,
"Custom",Monitor / Display 1,Auto Review,Playback Operation Priority,ON,,,
"Custom",Monitor / Display 1,Auto Review,Playback Operation Priority,OFF,,,
"Custom",Monitor / Display 1,Constant Preview,ON,,,,
"Custom",Monitor / Display 1,Constant Preview,OFF,,,,
"Custom",Monitor / Display 1,Constant Preview,SET,Preview While MF Assist,,,
"Custom",Monitor / Display 1,Level Gauge,ON,,,,
"Custom",Monitor / Display 1,Level Gauge,OFF,,,,
"Custom",Monitor / Display 1,Histogram,ON,,,,
"Custom",Monitor / Display 1,Histogram,OFF,,,,
"Custom",Monitor / Display 1,Photo Grid Line,,,,,
"Custom",Monitor / Display 1,Photo Grid Line,OFF,,,,
"Custom",Monitor / Display 1,Framing Outline,ON,,,,
"Custom",Monitor / Display 1,Framing Outline,OFF,,,,
"Custom",Monitor / Display 1,Center Marker,ON,,,,
"Custom",Monitor / Display 1,Center Marker,OFF,,,,
"Custom",Monitor / Display 1,AF Area Display,ON,,,,
"Custom",Monitor / Display 1,AF Area Display,OFF,,,,
"Custom",Monitor / Display 2,Live View Boost,MODE1,,,,
"Custom",Monitor / Display 2,Live View Boost,MODE2,,,,
"Custom",Monitor / Display 2,Live View Boost,OFF,,,,
"Custom",Monitor / Display 2,Live View Boost,SET,P/A/S/M,,,
"Custom",Monitor / Display 2,Live View Boost,SET,M,,,
"Custom",Monitor / Display 2,Monochrome Live View,ON,,,,
"Custom",Monitor / Display 2,Monochrome Live View,OFF,,,,
"Custom",Monitor / Display 2,Night Mode,Monitor,ON,,,
"Custom",Monitor / Display 2,Night Mode,Monitor,OFF,,,
"Custom",Monitor / Display 2,Night Mode,LVF,ON,,,
"Custom",Monitor / Display 2,Night Mode,LVF,OFF,,,
"Custom",Monitor / Display 2,LVF/Monitor Disp. Set,LVF Disp. Set,,,,
"Custom",Monitor / Display 2,LVF/Monitor Disp. Set,LVF Disp. Set,OFF,,,
"Custom",Monitor / Display 2,LVF/Monitor Disp. Set,Monitor Disp. Set,,,,
"Custom",Monitor / Display 2,LVF/Monitor Disp. Set,Monitor Disp. Set,OFF,,,
"Custom",Monitor / Display 2,Expo.Meter,ON,,,,
"Custom",Monitor / Display 2,Expo.Meter,OFF,,,,
"Custom",Monitor / Display 2,Focal Length,ON,,,,
"Custom",Monitor / Display 2,Focal Length,OFF,,,,
"Custom",Monitor / Display 2,Photo/Video Preview,Photo,,,,
"Custom",Monitor / Display 2,Photo/Video Preview,Video,,,,
"Custom",Monitor / Display 2,Photos/Videos Remaining,ON,,,,
"Custom",Monitor / Display 2,Photos/Videos Remaining,OFF,,,,
"Custom",Monitor / Display 3,Show/Hide Monitor Layout,ON,,,,
"Custom",Monitor / Display 3,Show/Hide Monitor Layout,OFF,,,,
"Custom",Monitor / Display 3,Blinking Highlights,ON,,,,
"Custom",Monitor / Display 3,Blinking Highlights,OFF,,,,
"Custom",Monitor / Display 3,Zebra Pattern,ON,,,,
"Custom",Monitor / Display 3,Zebra Pattern,OFF,,,,
"Custom",Monitor / Display 3,HLG View Assist,ON,,,,
"Custom",Monitor / Display 3,HLG View Assist,OFF,,,,
"Custom",Monitor / Display 3,Sheer Overlay,ON,,,,
"Custom",Monitor / Display 3,Sheer Overlay,OFF,,,,
"Custom",Monitor / Display 3,I.S. Status Scope,ON,,,,
"Custom",Monitor / Display 3,I.S. Status Scope,OFF,,,,
"Custom",Lens / Others,Lens Focus Resume,ON,,,,
"Custom",Lens / Others,Lens Focus Resume,OFF,,,,
"Custom",Lens / Others,Focus Ring Control,NON-LINEAR,,,,
"Custom",Lens / Others,Focus Ring Control,LINEAR,,,,
"Custom",Lens / Others,Focus Ring Control,SET,90°,,,
"Custom",Lens / Others,Focus Ring Control,SET,120°,,,
"Custom",Lens / Others,Focus Ring Control,SET,150°,,,
"Custom",Lens / Others,Focus Ring Control,SET,180°,,,
"Custom",Lens / Others,Focus Ring Control,SET,210°,,,
"Custom",Lens / Others,Focus Ring Control,SET,240°,,,
"Custom",Lens / Others,Focus Ring Control,SET,270°,,,
"Custom",Lens / Others,Focus Ring Control,SET,300°,,,
"Custom",Lens / Others,Focus Ring Control,SET,330°,,,
"Custom",Lens / Others,Focus Ring Control,SET,360°,,,
"Custom",Lens / Others,Focus Ring Control,SET,Maximum,,,
"Setup",Card/File,Card Format,Card Slot 1(XQD),,,,
"Setup",Card/File,Card Format,Card Slot 2(SD),,,,
"Setup",Card/File,Double Card Slot Function,Recording Method,,,,
"Setup",Card/File,Folder / File Settings,Select Folder,,,,
"Setup",Card/File,Folder / File Settings,Create a New Folder,,,,
"Setup",Card/File,Folder / File Settings,File Name Setting,,,,
"Setup",Card/File,File Number Reset,Card Slot 1(XQD),,,,
"Setup",Card/File,File Number Reset,Card Slot 2(SD),,,,
"Setup",Card/File,Copyright Information,Artist,ON,,,
"Setup",Card/File,Copyright Information,Artist,OFF,,,
"Setup",Card/File,Copyright Information,Artist,SET,,,
"Setup",Card/File,Copyright Information,Copyright Holder,ON,,,
"Setup",Card/File,Copyright Information,Copyright Holder,OFF,,,
"Setup",Card/File,Copyright Information,Copyright Holder,SET,,,
"Setup",Card/File,Copyright Information,Display Copyright Info.,,,,
"Setup",Monitor / Display 1,Power Save Mode,Sleep Mode,10MIN.,,,
"Setup",Monitor / Display 1,Power Save Mode,Sleep Mode,5MIN.,,,
"Setup",Monitor / Display 1,Power Save Mode,Sleep Mode,2MIN.,,,
"Setup",Monitor / Display 1,Power Save Mode,Sleep Mode,1MIN.,,,
"Setup",Monitor / Display 1,Power Save Mode,Sleep Mode,OFF,,,
"Setup",Monitor / Display 1,Power Save Mode,Sleep Mode(Wi-Fi),ON,,,
"Setup",Monitor / Display 1,Power Save Mode,Sleep Mode(Wi-Fi),OFF,,,
"Setup",Monitor / Display 1,Power Save Mode,Auto LVF/Monitor Off,5MIN.,,,
"Setup",Monitor / Display 1,Power Save Mode,Auto LVF/Monitor Off,2MIN.,,,
"Setup",Monitor / Display 1,Power Save Mode,Auto LVF/Monitor Off,1MIN.,,,
"Setup",Monitor / Display 1,Power Save Mode,Auto LVF/Monitor Off,OFF,,,
"Setup",Monitor / Display 1,Power Save Mode,Power Save LVF Shooting,Time to Sleep,,,
"Setup",Monitor / Display 1,Power Save Mode,Power Save LVF Shooting,Method of Activation,,,
"Setup",Monitor / Display 1,Monitor Frame Rate,30fps,,,,
"Setup",Monitor / Display 1,Monitor Frame Rate,60fps,,,,
"Setup",Monitor / Display 1,LVF Frame Rate,60fps,,,,
"Setup",Monitor / Display 1,LVF Frame Rate,120fps,,,,
"Setup",Monitor / Display 1,Monitor Settings,Brightness,,,,
"Setup",Monitor / Display 1,Monitor Settings,Contrast,,,,
"Setup",Monitor / Display 1,Monitor Settings,Saturation,,,,
"Setup",Monitor / Display 1,Monitor Settings,Red Tint,,,,
"Setup",Monitor / Display 1,Monitor Settings,Blue Tint,,,,
"Setup",Monitor / Display 1,Viewfinder,Brightness,,,,
"Setup",Monitor / Display 1,Viewfinder,Contrast,,,,
"Setup",Monitor / Display 1,Viewfinder,Saturation,,,,
"Setup",Monitor / Display 1,Viewfinder,Red Tint,,,,
"Setup",Monitor / Display 1,Viewfinder,Blue Tint,,,,
"Setup",Monitor / Display 1,Monitor Backlight,AUTO,,,,
"Setup",Monitor / Display 1,Monitor Backlight,-3,,,,
"Setup",Monitor / Display 1,Monitor Backlight,-2,,,,
"Setup",Monitor / Display 1,Monitor Backlight,-1,,,,
"Setup",Monitor / Display 1,Monitor Backlight,+1,,,,
"Setup",Monitor / Display 1,Monitor Backlight,+2,,,,
"Setup",Monitor / Display 1,Monitor Backlight,+3,,,,
"Setup",Monitor / Display 1,LVF Luminance,AUTO,,,,
"Setup",Monitor / Display 1,LVF Luminance,-3,,,,
"Setup",Monitor / Display 1,LVF Luminance,-2,,,,
"Setup",Monitor / Display 1,LVF Luminance,-1,,,,
"Setup",Monitor / Display 1,LVF Luminance,+1,,,,
"Setup",Monitor / Display 1,LVF Luminance,+2,,,,
"Setup",Monitor / Display 1,LVF Luminance,+3,,,,
"Setup",Monitor / Display 1,Remaining Battery Level,,,,,
"Setup",Monitor / Display 1,Remaining Battery Level,%,,,,
"Setup",Monitor / Display 2,Status-LCD,Backlight,H,,,
"Setup",Monitor / Display 2,Status-LCD,Backlight,L,,,
"Setup",Monitor / Display 2,Status-LCD,Backlight,OFF,,,
"Setup",Monitor / Display 2,Status-LCD,Display While Power Off,ON,,,
"Setup",Monitor / Display 2,Status-LCD,Display While Power Off,OFF,,,
"Setup",Monitor / Display 2,Eye Sensor,Sensitivity,HIGH,,,
"Setup",Monitor / Display 2,Eye Sensor,Sensitivity,LOW,,,
"Setup",Monitor / Display 2,Eye Sensor,LVF/Monitor Switch,LVF/MON AUTO,,,
"Setup",Monitor / Display 2,Eye Sensor,LVF/Monitor Switch,LVF,,,
"Setup",Monitor / Display 2,Eye Sensor,LVF/Monitor Switch,MON,,,
"Setup",Monitor / Display 2,Level Gauge Adjust.,Adjust.,,,,
"Setup",Monitor / Display 2,Level Gauge Adjust.,Level Gauge Value Reset,,,,
"Setup",IN/OUT,Beep,Beep Volume,High,,,
"Setup",IN/OUT,Beep,Beep Volume,Low,,,
"Setup",IN/OUT,Beep,Beep Volume,Off,,,
"Setup",IN/OUT,Beep,AF Beep Volume,High,,,
"Setup",IN/OUT,Beep,AF Beep Volume,Low,,,
"Setup",IN/OUT,Beep,AF Beep Volume,Off,,,
"Setup",IN/OUT,Beep,AF Beep Tone,Pattern 1,,,
"Setup",IN/OUT,Beep,AF Beep Tone,Pattern 2,,,
"Setup",IN/OUT,Beep,AF Beep Tone,Pattern 3,,,
"Setup",IN/OUT,Beep,E-Shutter Vol,High,,,
"Setup",IN/OUT,Beep,E-Shutter Vol,Low,,,
"Setup",IN/OUT,Beep,E-Shutter Vol,Off,,,
"Setup",IN/OUT,Beep,E-Shutter Tone,Pattern 1,,,
"Setup",IN/OUT,Beep,E-Shutter Tone,Pattern 2,,,
"Setup",IN/OUT,Beep,E-Shutter Tone,Pattern 3,,,
"Setup",IN/OUT,Headphone Volume,0,,,,
"Setup",IN/OUT,Headphone Volume,LEVEL1,,,,
"Setup",IN/OUT,Headphone Volume,LEVEL2,,,,
"Setup",IN/OUT,Headphone Volume,LEVEL3,,,,
"Setup",IN/OUT,Headphone Volume,LEVEL4,,,,
"Setup",IN/OUT,Headphone Volume,LEVEL5,,,,
"Setup",IN/OUT,Headphone Volume,LEVEL6,,,,
"Setup",IN/OUT,Headphone Volume,LEVEL7,,,,
"Setup",IN/OUT,Headphone Volume,LEVEL8,,,,
"Setup",IN/OUT,Headphone Volume,LEVEL9,,,,
"Setup",IN/OUT,Headphone Volume,LEVEL10,,,,
"Setup",IN/OUT,Headphone Volume,LEVEL11,,,,
"Setup",IN/OUT,Headphone Volume,LEVEL12,,,,
"Setup",IN/OUT,Headphone Volume,LEVEL13,,,,
"Setup",IN/OUT,Headphone Volume,LEVEL14,,,,
"Setup",IN/OUT,Headphone Volume,LEVEL15,,,,
"Setup",IN/OUT,Wi-Fi,Wi-Fi Function,,,,
"Setup",IN/OUT,Wi-Fi,Wi-Fi Setup,,,,
"Setup",IN/OUT,Wi-Fi,Send Image (Smartphone),,,,
"Setup",IN/OUT,Wi-Fi,Remote Wakeup,,,,
"Setup",IN/OUT,Wi-Fi,Returning from Sleep Mode,,,,
"Setup",IN/OUT,Wi-Fi,Auto Transfer,,,,
"Setup",IN/OUT,Wi-Fi,Location Logging,,,,
"Setup",IN/OUT,Wi-Fi,Auto Clock Set,,,,
"Setup",IN/OUT,Wi-Fi,Wi-Fi network settings,,,,
"Setup",IN/OUT,Bluetooth,,,,,
"Setup",IN/OUT,USB,USB Mode,Select on connection,,,
"Setup",IN/OUT,USB,USB Mode,PC(Storage),,,
"Setup",IN/OUT,USB,USB Mode,PC(Tether),,,
"Setup",IN/OUT,USB,USB Mode,PictBridge(PTP),,,
"Setup",IN/OUT,USB,USB Power Supply,ON,,,
"Setup",IN/OUT,USB,USB Power Supply,OFF,,,
"Setup",IN/OUT,Battery Information,Remaining Level,,,,
"Setup",IN/OUT,Battery Information,Battery Health,,,,
"Setup",IN/OUT,Battery Use Priority,BODY,,,,
"Setup",IN/OUT,Battery Use Priority,BG,,,,
"Setup",IN/OUT,TV Connection,HDMI Mode (Playback),AUTO,,,
"Setup",IN/OUT,TV Connection,HDMI Mode (Playback),4K/60p,,,
"Setup",IN/OUT,TV Connection,HDMI Mode (Playback),4K/30p,,,
"Setup",IN/OUT,TV Connection,HDMI Mode (Playback),1080p,,,
"Setup",IN/OUT,TV Connection,HDMI Mode (Playback),1080i,,,
"Setup",IN/OUT,TV Connection,HDMI Mode (Playback),720p,,,
"Setup",IN/OUT,TV Connection,HDMI Mode (Playback),480p,,,
"Setup",IN/OUT,TV Connection,HLG View Assist (HDMI),AUTO,,,
"Setup",IN/OUT,TV Connection,HLG View Assist (HDMI),MODE1,,,
"Setup",IN/OUT,TV Connection,HLG View Assist (HDMI),MODE2,,,
"Setup",IN/OUT,TV Connection,HLG View Assist (HDMI),OFF,,,
"Setup",IN/OUT,TV Connection,VIERA Link (CEC),ON,,,
"Setup",IN/OUT,TV Connection,VIERA Link (CEC),OFF,,,
"Setup",IN/OUT,TV Connection,Background Color(Playback),,,,
"Setup",Setting,TV Connection,Background Color(Playback),,,,
"Setup",Setting,Save to Custom Mode,C1,,,,
"Setup",Setting,Save to Custom Mode,C2,,,,
"Setup",Setting,Save to Custom Mode,C3-1,,,,
"Setup",Setting,Save to Custom Mode,C3-2,,,,
"Setup",Setting,Save to Custom Mode,C3-3,,,,
"Setup",Setting,Save to Custom Mode,C3-4,,,,
"Setup",Setting,Save to Custom Mode,C3-5,,,,
"Setup",Setting,Save to Custom Mode,C3-6,,,,
"Setup",Setting,Save to Custom Mode,C3-7,,,,
"Setup",Setting,Save to Custom Mode,C3-8,,,,
"Setup",Setting,Save to Custom Mode,C3-9,,,,
"Setup",Setting,Save to Custom Mode,C3-10,,,,
"Setup",Setting,Load Custom Mode,C1,,,,
"Setup",Setting,Load Custom Mode,C2,,,,
"Setup",Setting,Load Custom Mode,C3-1,,,,
"Setup",Setting,Load Custom Mode,C3-2,,,,
"Setup",Setting,Load Custom Mode,C3-3,,,,
"Setup",Setting,Load Custom Mode,C3-4,,,,
"Setup",Setting,Load Custom Mode,C3-5,,,,
"Setup",Setting,Load Custom Mode,C3-6,,,,
"Setup",Setting,Load Custom Mode,C3-7,,,,
"Setup",Setting,Load Custom Mode,C3-8,,,,
"Setup",Setting,Load Custom Mode,C3-9,,,,
"Setup",Setting,Load Custom Mode,C3-10,,,,
"Setup",Setting,Custom Mode Settings,Limit No. of Custom Mode,,,,
"Setup",Setting,Custom Mode Settings,Edit Title,,,,
"Setup",Setting,Custom Mode Settings,How to Reload Custom Mode,,,,
"Setup",Setting,Custom Mode Settings,Select Loading Details,,,,
"Setup",Setting,Save/Restore Camera Setting,Card Slot 1(XQD),Save,,,
"Setup",Setting,Save/Restore Camera Setting,Card Slot 1(XQD),Load,,,
"Setup",Setting,Save/Restore Camera Setting,Card Slot 1(XQD),Delete,,,
"Setup",Setting,Save/Restore Camera Setting,Card Slot 2(SD),Save,,,
"Setup",Setting,Save/Restore Camera Setting,Card Slot 2(SD),Load,,,
"Setup",Setting,Save/Restore Camera Setting,Card Slot 2(SD),Delete,,,
"Setup",Setting,Reset,,,,,
"Setup",Others,Clock Set,,,,,
"Setup",Others,Time Zone,,,,,
"Setup",Others,Pixel Refresh,,,,,
"Setup",Others,Sensor Cleaning,,,,,
"Setup",Others,Language,,,,,
"Setup",Others,Firmware Version,Firmware Update,,,,
"Setup",Others,Firmware Version,Software info,,,,
"Setup",Others,Online Manual,URL display,,,,
"Setup",Others,Online Manual,QR Code display,,,,
"Setup",Others,Approved Regulations,,,,,
"My Menu",Add
"My Menu",Sorting
"My Menu",Delete,Delete Item
"My Menu",Delete,Delete All
"My Menu",Display from My Menu,ON
"My Menu",Display from My Menu,OFF
"Playback",Playback Mode,Rotate Disp.,ON,,,,
"Playback",Playback Mode,Rotate Disp.,OFF,,,,
"Playback",Playback Mode,Picture Sort,FILE NAME,,,,
"Playback",Playback Mode,Picture Sort,DATE/TIME,,,,
"Playback",Playback Mode,Magnify from AF Point,ON,,,,
"Playback",Playback Mode,Magnify from AF Point,OFF,,,,
"Playback",Playback Mode,HLG View Assist (Monitor),MODE1,,,,
"Playback",Playback Mode,HLG View Assist (Monitor),MODE2,,,,
"Playback",Playback Mode,HLG View Assist (Monitor),OFF,,,,
"Playback",Process Images,RAW Processing,,,,,
"Playback",Process Images,6K/4K PHOTO Bulk Saving,,,,,
"Playback",Process Images,6K/4K PHOTO Noise Reduction,AUTO,,,,
"Playback",Process Images,6K/4K PHOTO Noise Reduction,OFF,,,,
"Playback",Process Images,Time Lapse Video,,,,,
"Playback",Process Images,Stop Motion Video,,,,,
"Playback",Add/Delete Info.,Protect,Single,,,,
"Playback",Add/Delete Info.,Protect,Multi,,,,
"Playback",Add/Delete Info.,Protect,Cancel,,,,
"Playback",Add/Delete Info.,Rating,Single,,,,
"Playback",Add/Delete Info.,Rating,Multi,,,,
"Playback",Add/Delete Info.,Rating,Cancel,,,,
"Playback",Add/Delete Info.,Rating,1,,,,
"Playback",Add/Delete Info.,Rating,2,,,,
"Playback",Add/Delete Info.,Rating,3,,,,
"Playback",Add/Delete Info.,Rating,4,,,,
"Playback",Add/Delete Info.,Rating,5,,,,
"Playback",Add/Delete Info.,Rating,OFF,,,,
"Playback",Edit Image,Resize,Single,,,,
"Playback",Edit Image,Resize,Multi,,,,
"Playback",Edit Image,Rotate,Clockwise,,,,
"Playback",Edit Image,Rotate,Counter-clockwise,,,,
"Playback",Edit Image,Video Divide,,,,,
"Playback",Edit Image,Copy,Copy Direction,,,,
"Playback",Edit Image,Copy,Copy Direction,,,,
"Playback",Edit Image,Copy,Select Copy,,,,
"Playback",Edit Image,Copy,Copy All in Folder,,,,
"Playback",Edit Image,Copy,Copy All in Card,,,,
"Playback",Edit Image,Copy,Same Folder Number as Source,,,,
"Playback",Edit Image,Copy,Create a New Folder,,,,
"Playback",Edit Image,Copy,Select Folder,,,,
"Playback",Others,Delete Confirmation,"""Yes"" first",,,,
"Playback",Others,Delete Confirmation,"""No"" first",,,,
"Playback",Playback Mode,Rotate Disp.,ON,,,,
"Playback",Playback Mode,Rotate Disp.,OFF,,,,
"Playback",Playback Mode,Picture Sort,FILE NAME,,,,
"Playback",Playback Mode,Picture Sort,DATE/TIME,,,,
"Playback",Playback Mode,Magnify from AF Point,ON,,,,
"Playback",Playback Mode,Magnify from AF Point,OFF,,,,
"Playback",Playback Mode,HLG View Assist (Monitor),MODE1,,,,
"Playback",Playback Mode,HLG View Assist (Monitor),MODE2,,,,
"Playback",Playback Mode,HLG View Assist (Monitor),OFF,,,,
"Playback",Process Images,RAW Processing,,,,,
"Playback",Process Images,6K/4K PHOTO Bulk Saving,,,,,
"Playback",Process Images,6K/4K PHOTO Noise Reduction,AUTO,,,,
"Playback",Process Images,6K/4K PHOTO Noise Reduction,OFF,,,,
"Playback",Process Images,Time Lapse Video,,,,,
"Playback",Process Images,Stop Motion Video,,,,,
"Playback",Add/Delete Info.,Protect,Single,,,,
"Playback",Add/Delete Info.,Protect,Multi,,,,
"Playback",Add/Delete Info.,Protect,Cancel,,,,
"Playback",Add/Delete Info.,Rating,Single,,,,
"Playback",Add/Delete Info.,Rating,Multi,,,,
"Playback",Add/Delete Info.,Rating,Cancel,,,,
"Playback",Add/Delete Info.,Rating,1,,,,
"Playback",Add/Delete Info.,Rating,2,,,,
"Playback",Add/Delete Info.,Rating,3,,,,
"Playback",Add/Delete Info.,Rating,4,,,,
"Playback",Add/Delete Info.,Rating,5,,,,
"Playback",Add/Delete Info.,Rating,OFF,,,,
"Playback",Edit Image,Resize,Single,,,,
"Playback",Edit Image,Resize,Multi,,,,
"Playback",Edit Image,Rotate,Clockwise,,,,
"Playback",Edit Image,Rotate,Counter-clockwise,,,,
"Playback",Edit Image,Video Divide,,,,,
"Playback",Edit Image,Copy,Copy Direction,,,,
"Playback",Edit Image,Copy,Select Copy,,,,
"Playback",Edit Image,Copy,Copy All in Folder,,,,
"Playback",Edit Image,Copy,Copy All in Card,,,,
"Playback",Edit Image,Copy,Same Folder Number as Source,,,,
"Playback",Edit Image,Copy,Create a New Folder,,,,
"Playback",Edit Image,Copy,Select Folder,,,,
"Playback",Others,Delete Confirmation,"""Yes"" first",,,,
"Playback",Others,Delete Confirmation,"""No"" first",,,,
camera_menu_config,
brand,Panasonic
model,S1
css_file,panasonicS1
icon:camera,iVBORw0KGgoAAAANSUhEUgAAAB0AAAAXCAYAAAD3CERpAAAACXBIWXMAAAsTAAALEwEAmpwYAAAGPGlUWHRYTUw6Y29tLmFkb2JlLnhtcAAAAAAAPD94cGFja2V0IGJlZ2luPSLvu78iIGlkPSJXNU0wTXBDZWhpSHpyZVN6TlRjemtjOWQiPz4gPHg6eG1wbWV0YSB4bWxuczp4PSJhZG9iZTpuczptZXRhLyIgeDp4bXB0az0iQWRvYmUgWE1QIENvcmUgOS4xLWMwMDIgNzkuYTZhNjM5NjhhLCAyMDI0LzAzLzA2LTExOjUyOjA1ICAgICAgICAiPiA8cmRmOlJERiB4bWxuczpyZGY9Imh0dHA6Ly93d3cudzMub3JnLzE5OTkvMDIvMjItcmRmLXN5bnRheC1ucyMiPiA8cmRmOkRlc2NyaXB0aW9uIHJkZjphYm91dD0iIiB4bWxuczp4bXA9Imh0dHA6Ly9ucy5hZG9iZS5jb20veGFwLzEuMC8iIHhtbG5zOmRjPSJodHRwOi8vcHVybC5vcmcvZGMvZWxlbWVudHMvMS4xLyIgeG1sbnM6cGhvdG9zaG9wPSJodHRwOi8vbnMuYWRvYmUuY29tL3Bob3Rvc2hvcC8xLjAvIiB4bWxuczp4bXBNTT0iaHR0cDovL25zLmFkb2JlLmNvbS94YXAvMS4wL21tLyIgeG1sbnM6c3RFdnQ9Imh0dHA6Ly9ucy5hZG9iZS5jb20veGFwLzEuMC9zVHlwZS9SZXNvdXJjZUV2ZW50IyIgeG1wOkNyZWF0b3JUb29sPSJBZG9iZSBQaG90b3Nob3AgMjUuMTIgKE1hY2ludG9zaCkiIHhtcDpDcmVhdGVEYXRlPSIyMDI1LTAyLTI1VDEyOjA3OjI3KzAyOjAwIiB4bXA6TW9kaWZ5RGF0ZT0iMjAyNS0wMi0yNlQwOTowNjo0MiswMjowMCIgeG1wOk1ldGFkYXRhRGF0ZT0iMjAyNS0wMi0yNlQwOTowNjo0MiswMjowMCIgZGM6Zm9ybWF0PSJpbWFnZS9wbmciIHBob3Rvc2hvcDpDb2xvck1vZGU9IjMiIHhtcE1NOkluc3RhbmNlSUQ9InhtcC5paWQ6N2Y3ZjE5N2YtYTQyZS00OWQzLThlMmQtMjRjZjIyMTgxNTExIiB4bXBNTTpEb2N1bWVudElEPSJhZG9iZTpkb2NpZDpwaG90b3Nob3A6YzAzMGVmZWMtYzZiOC1hODRlLThjM2QtYmVmNDMzNDkxYjVlIiB4bXBNTTpPcmlnaW5hbERvY3VtZW50SUQ9InhtcC5kaWQ6N2Y2YWQ1NzktZDE5Yi00OGY5LTg4YjctNDllOWJhYTc5NzkwIj4gPHhtcE1NOkhpc3Rvcnk+IDxyZGY6U2VxPiA8cmRmOmxpIHN0RXZ0OmFjdGlvbj0iY3JlYXRlZCIgc3RFdnQ6aW5zdGFuY2VJRD0ieG1wLmlpZDo3ZjZhZDU3OS1kMTliLTQ4ZjktODhiNy00OWU5YmFhNzk3OTAiIHN0RXZ0OndoZW49IjIwMjUtMDItMjVUMTI6MDc6MjcrMDI6MDAiIHN0RXZ0OnNvZnR3YXJlQWdlbnQ9IkFkb2JlIFBob3Rvc2hvcCAyNS4xMiAoTWFjaW50b3NoKSIvPiA8cmRmOmxpIHN0RXZ0OmFjdGlvbj0iY29udmVydGVkIiBzdEV2dDpwYXJhbWV0ZXJzPSJmcm9tIGFwcGxpY2F0aW9uL3ZuZC5hZG9iZS5waG90b3Nob3AgdG8gaW1hZ2UvcG5nIi8+IDxyZGY6bGkgc3RFdnQ6YWN0aW9uPSJzYXZlZCIgc3RFdnQ6aW5zdGFuY2VJRD0ieG1wLmlpZDo3ZjdmMTk3Zi1hNDJlLTQ5ZDMtOGUyZC0yNGNmMjIxODE1MTEiIHN0RXZ0OndoZW49IjIwMjUtMDItMjZUMDk6MDY6NDIrMDI6MDAiIHN0RXZ0OnNvZnR3YXJlQWdlbnQ9IkFkb2JlIFBob3Rvc2hvcCAyNS4xMiAoTWFjaW50b3NoKSIgc3RFdnQ6Y2hhbmdlZD0iLyIvPiA8L3JkZjpTZXE+IDwveG1wTU06SGlzdG9yeT4gPC9yZGY6RGVzY3JpcHRpb24+IDwvcmRmOlJERj4gPC94OnhtcG1ldGE+IDw/eHBhY2tldCBlbmQ9InIiPz6694MmAAACqUlEQVRIia2WvWtUURDFf/dtsvlCBEU0hYIRJIWdsbBRsFaCYCMoWggq2lj4j9haiYVoCgsRNFUsLbWwsdG0IpKv3cTd947Fndkdn6t5AQce9+29754zc+7M3E2SaGiTwDxwANgABFS2VgIfmgIhqemzLOmHpK6kjqSepJ+StiVtSLrRFKsp4SUj6EjaUbZSUt/GrqTvkg7/L9IpSZuSKv3bupIeNyEtdlF/HLgFjAHJ5qpwln1g255x4BpwZrcjTZZIi8BDSw4BBbAGLACHDHTK9pRAz5xo2yibr4AOsAps2vy4ff8eeAR8TZIWgBUj8miSRdcKjni29mxMATSSuwN1K8yR4wVw2cDbBuBk6yZfFZ5XwEXgJHCUXEJ3DawP7ARH3FqGWQITwBySHoQsrEJW+ntP0pak65LSX5JjUtJLK59S0rrtq+N0Jc0XFrZLGqVMtlYAd4CnNj/KtoErwOcQnR+Xq+SYKmpARRg3yef3Alj6C1m0Erhge6ZrQUT8ViyZGKGAGQN4YpE0sW/Aa6AbsNwGSVnUFlN479jal4aEbksMExCGR+QSV657JHY5Jmzc2iPpGjlbqzDnmCUWaapt8mhb9vvIHklPMUykiDkgH9UGo1eJ3K2aWgLuB9xYDQO+erlEr0pykd8DTjQkXQRmGUYan4GNksCtTU6I/cAz4OAuhOeA5+aoBxG7mXMkz9560dfP9TS58M+S/0FE2wfcBN6R1SnJyZT4vRr8ImGMP3WPWefR9oxshVxCy8An4DxZ0tK+m7BxhmFFVEY2uAictBcWPVIv5op8rfVtbg64XYskRtSuKRG7XB9oJ0nHgI/ks4g918fK1srgZBmUiTXeMmC3+nX3Brjql/gsuWG7vA7kIDPkDjUdVBll0+QrMTZ8x1wF3gLdX9+0RtkZdOa+AAAAAElFTkSuQmCC
